pool_id,poolSym,liquidity
0x000024feb293b6c6c3a80a95f1f830a8746400b9,TRUMP_WETH,0
0x0000d36ab86d213c14d93cd5ae78615a20596505,RALPH_WETH,0
0x0001fcbba8eb491c3ccfeddc5a5caba1a98c4c28,BCZ_WETH,303015134493562686441
0x0002e63328169d7feea121f1e32e4f620abf0352,wNXM_ICHI,15770036641733558
0x0003c9d75e102b8a9fe77280ca410e9135beb150,TRANCHE-bWBTC-A_USDT,0
0x0004cd8474e882278e32e584699090be496f410e,ZERO_USDC,188566476438429518
0x0005079292756443f2e711570f8ab4e1951d4f97,EDG_WETH,17025917918309
0x0005647722f0f8233d64063dcae20ebdb99fdc02,ELONvZUCK_WETH,0
0x000ba527862e5b82cff0f7c66b646af023274aa1,SAFE_WETH,25534678320845836314488
0x000c0d31f6b7cecde4645eef0c4ec6a492659d62,WETH_DZOO,0
0x000e0bbcfdba9490ee20b0a7900a4dff46317998,FORTH_WAMPL,0
0x000ea4a83acefdd62b1b43e9ccc281f442651520,BUSD_WETH,148443933127936569
0x000f0c0b0b791e855dcc5ad6501c7529dea882e0,WETH_DOGGE,0
0x000fedac8a4c7f2c291c5bca0fd244e17e27c763,WETH_DEGEN,0
0x001202b13fab0dcbdaa605a48a73df38cd70d14c,Odin_WETH,0
0x0012c1c4da19861a5f299b9dcc1dcb5cfa4770aa,CO2B_WETH,102630312763787238
0x001d6b301b939dc0dd2b982378d30b049d1d7e91,COIN_WETH,1224738156519443122
0x00254e7612301f5f952e262dac3d8ca5f422b3bf,FANTA_WETH,0
0x0025ade782cc2b2415d1e841a8d52ff5dce33dfe,WETH_SIM,292918389273214376584
0x0026040bcab8c8e352e2ec3f66e4c4b8ca4658b2,ESS_WETH,433815326510610256913
0x00299231273752123aed17229810c0e9a7681ce6,$BURNA_WETH,642837934014532853
0x002c0b78c8057636918b963cd26c07b7f2892bd8,WETH_CP,0
0x00323a300261042dd5d697e3f92a06279cc7d15b,LTY_DOGY,0
0x0033ca9e1093852aa4c1e98692ff6ba7eb913514,DOGE_WETH,0
0x0033e006041435952ee4a1fc37feadc19a562cff,USDC_tBONE,0
0x0038955d12bf880849c7a984e9bdf3ff02035d8b,WEED_WETH,208214116667372005
0x003f74396718dae1700dad33e05cdfdfe8d46af1,oAkita_WETH,0
0x0041426a64a85ef884387dc3a69f9df1fbb7f9d1,WIVA_USDC,0
0x0046f6bf89e812f053941731af74decdfc93093f,ZRC_USDT,0
0x005489c69e5800d38bf8d7d616f4cb676185dfd6,palmer_WETH,0
0x005843e075e77ba46a26d24914db10a4d9ca0122,WETH_FREEBRIT,0
0x0059b4c53c85bb8159014bfd20700c14b29c4483,BCVT_USDT,0
0x005b584315d7c47bb5fca504ac0d8df56aea40f9,USDT_STC,0
0x005cd18887579ed785fb3e5e2c9356c31b78f89e,wMEMO_MIM,0
0x005d641f9f14b2222f7d84de20ccda0fbfe9f1c7,gnihton_WETH,0
0x005e3dc62b7a269bef2a7d06e06cc0c991375c6f,MODE_WETH,0
0x00631e7e8be695f1d52536bafe937e5a7709c469,„Å≠„ÅÑ„Çç_WETH,10009013323591326699997
0x0068bb604413dfee5c453907bb150d0312a0f257,SXHC_WETH,0
0x006909ef5027363d7fbbd8e81186d23aa7db9f39,LOODZ_WETH,0
0x006a004447380d08f8a0662c545e425004cf8d0b,WETH_DFB,0
0x006ac24a1f49e472673c82327bdf177a5c11491b,WETH_FUDX,0
0x006b974ca08532d95015cd3e17ac65fac1f570a1,APED_WETH,0
0x006bf6c02578ad587eb5e1fbdfbd57a58edd3e3e,JOW_POL,0
0x006cf8fe7f17c010bbf61456ababf14088186ec6,LLT_WETH,0
0x006f6b5033dba7c532aba820a9412b889650a1fa,$W_WETH,0
0x0072adf9e6c1840804e56be890d78788600834b6,CGD_WETH,42647917869911255144
0x0073ce82d9a8ffa9b695cca63cd3993c3eaef4dc,PPUSD_WETH,0
0x00776e638fcb9c03c45054a4b397af0f0a6a00c2,PLD_USDC,0
0x007a3f1527991382a238bcd352bffbf51c8161cf,BB_WETH,912735398453049046109935
0x008368f0a747a36e07dcd5ea4e11f9f44aa0410c,MMX_USDC,0
0x008432bdcc8b9569450f0134a8174c71ddc2b047,LIAN_USDT,23124354317497
0x008620aa1ef483c71b6047dc31d592fabd54bfcb,WETH_dogewifhat,0
0x00916eb312b2982eb86a7714be64546baebc1a5c,BOBA_WETH,0
0x00953df8289165834539f5fdbc2bf40fa1538840,WETH_MON,0
0x0097093ca2709413528229d01a48de16a765558b,PEACE_WETH,3162433331493778556
0x009b5d59ff6d7b5140b76fd0d25396f8014d5bd0,DAI_VSDC,0
0x00a151b39b43f6a79366f9129222b9370e30a702,BURNLY_WETH,8998077112326985950396256
0x00a7af7f910f98d7e03ce41d7a73c759d51dc36e,n_GROKS,2723249136020312494353112
0x00a9205611cc32ec9c0d16fc58f31b9355ec7ade,EGG_USDT,0
0x00a96cd5489824a9aeecba7ddb4dd0e7168b0117,CATGPT_WETH,0
0x00a9897a285247d285adbe77d5584612f04735be,KNX_USDC,0
0x00ae909d0405a4ae2b190af7c731711d0fc56bb7,USDC_wBOND,0
0x00b531695a43b0f68d69ba52a52bc5578374ebd7,BOOTY_WETH,0
0x00b6cfd82bc81857e90db08ced5d8c711eb509ca,HAHA_WETH,0
0x00b9ec4ed8b667647a6c193855c20751e5701892,MCBC_WETH,0
0x00ba1202ebec134b7916dec310457781589bba57,DRAKEGAY_WETH,0
0x00bdbb8a65a0a1fc7a5488f47aadc611732705e8,PINE_WETH,0
0x00bfcbf6716c0657c3a2fa51f20976678482ab2e,UNI-V2_WETH,0
0x00c07a7e77c9ffa6e0e3c58790e0dcb81cef89e1,LEOX_WETH,961503437059901987930
0x00c23703d02565ec5536f58f8b586ec052195d08,RAI_NCR,0
0x00c5d11465f0518bf3fa2b2a0c030a7661e0a5f3,HRS_USDT,0
0x00c6a247a868dee7e84d16eba22d1ab903108a44,WAVAX_WETH,20787687971326792194
0x00c6f73f423fe4e9d693d0b4cfddf92d406a83a4,WAGNER_WETH,0
0x00cb3f7871d4383d517214ded3e9f0e9a1978cb3,WETH_GBA,0
0x00cc0523b7a2b97f1d52bea1b7a0c50027e0a706,USD0++_USDT,0
0x00ce80a0b06a4f6d47e11e5ae1e7186bf0866391,WETH_rswETH,0
0x00cef0386ed94d738c8f8a74e8bfd0376926d24c,BUSD_USDC,3524547796572459
0x00d2881608d3e960d389c3421b4bfcf683a1798d,PSLC_WETH,0
0x00d336082e3f555dcfd3ef17bb2fafb5708a61e9,NUMM_USDC,18876687833743199
0x00d5ad12f4f0c9af3d35c055b16a33b649639b75,NO_WETH,0
0x00da578acb3381f48f187374cda78d6824676f27,WBTC_USDz,547496266437075
0x00db8a652ec925dbfe08b537759cf98770251183,Cƒïrƒìs_WETH,0
0x00dbd02706a86e391ea30d53aa88f7df53a06b85,BNT_vBNT,0
0x00dc4f81f0b3fdcfbcc27655c8518a2275e93cf9,ATOR_USDC,1621301092217284
0x00dce1deb188ee420ea8be0cf95888521fbc13a3,WETH_LBR,0
0x00e0e850070c1131e0004330b0a16172f78ffec9,PCS_USDT,334373111809320
0x00e145fc1111a085616eb1cb414226e192537148,BULL_WETH,0
0x00e3620b44e0c9b7624f7982de866175cb01d5db,FJARED_WETH,0
0x00e60e96f423be482a56d22d460c6c1da8c65650,SAB121_WETH,3864420131107513
0x00e7e38fe607d1340b34cf820ced39f514cf4a89,HMEME_WETH,0
0x00e888e4cea8b2942bfe8f6f3e6880526d29bab5,CARN_ACR,0
0x00e8d9811c8fee0d8dedbe4891fafda493d6ac66,GRAI_swETH,217759339458553265966
0x00eac8324053b72a43fbf65aeee36a9eb16258ac,WETH_RESQ,0
0x00eb5948931a72135f688fbf93b62903f735443b,KCI_WETH,0
0x00ed26e794b949e18b142f9108429b74ce08ac99,WETH_SPX,0
0x00ef3b7e122853ba088a1833f7bd3b5ad3dd0d32,WETH_Yf-DAI,0
0x00f1e7a9bdfa66c03125ef31b7124f6e5e403545,COSHI_WETH,0
0x00f4eb0560e01c93de42c718b51f1ab306e4075a,DOLAN_WETH,4550714733600119084678295
0x00f59b15dc1fe2e16cde0678d2164fd5ff10e424,STC_WETH,2521102090427323543045
0x00f6bc50adf7c89c92786335236869725d9257c4,CHEEMS_WETH,972277801711729752537
0x00f74d4dee3b3a7eba1a7500081c3e2081023b2f,JINDO_WETH,133745818295335854
0x00fe38f61a15108bdb8dd25e934d2510811d430b,TCATI_WETH,0
0x00fe6ea9521e72683f1151c8e6a6373705cecf7b,BDID_WETH,0
0x010064b4ecabf8de4389d6a4ec4deebb48a9c834,CCTS_IVY,0
0x0101fe1e41530d89f799e3a4e1c21b8648346e3c,RENO_WETH,0
0x01037d4d2fbabcd3fb97b8fb97f00f00161b5fc3,VERSE_LINK,0
0x010d625a1de2297efc4e795bf34a2795e02252e3,DAMMO_WETH,0
0x010e3607ee6d9f43a24efe589a9fec74bba101fd,HMB_HMB,960068376184983751434477832218
0x0110660ec3fede0425183efd88cf5c4341ffc304,BRO_RAD,4469806915424326918770023
0x0111b1a858be49b010aa9f6d45447ec36bc896d7,PRAYER_WETH,719668346213847063773056
0x01132080c1476cc38f5d8ad452f62cff28feb310,AIR_WETH,0
0x011356339f248594e009c42903e3852c8515fc43,ISCN_WETH,0
0x0113c51aab6de033e7faf12704de00bef9cfd599,POND_WETH,0
0x0114a03fa8b98fa86082fda02a91aea70ae5d69a,credit_WETH,0
0x0115a7bb2544d7a31da41eb0e1542292de0f9753,HOJI_WETH,0
0x011da1e91db2970e3a62c755bddea767e0a42755,BRCT_USDC,0
0x011e903da81919f1e143e6f651f7fe454571643b,WBTC_DAO9,847534722316
0x01252ed202959db517ab4e4871ad83e80b53805b,SS16_WETH,0
0x01256f1f3e762ff963f77c68ef2fc56670bc32a0,LMKT_FXS,0
0x012735b227545d1e9a690c3cfac935f2a5ec75c1,PinkB_WETH,0
0x01274e84944b9923fefb73aac4371186d588e9ee,DIE_WETH,0
0x0129a640f8a87a4c952885bbf483da10f3c91baf,Ziggy_WETH,0
0x012a47d45f077796282f22220d3844c4d72504aa,BTC2x-FLI_ETH2x-FLI,0
0x013037f7e497beb2903e9b73603c6ae30648dbf0,SXHC_USDT,38879321174616
0x0133f1ae48d176b2caade3344f3bc2a9a71f6d55,PABLO_WETH,6161385192703223255419
0x0136aecdfa8dba541fce7846990939d1ee5bad7d,WOMER_WETH,0
0x013a1bc8a8597ece80e42a7a8df706013e676566,WETH_TIGGER,0
0x013c34b1c9a364dd9f953ec024c71019dea01011,SLIME_WETH,28877494126162086255
0x013ee68ddf40cf86a6f27d526ec3a73b1cb863b4,BENANCE_WETH,0
0x013fd1cf7472d8b26566197d8a988e70ed04d21c,LOL_WETH,0
0x014847133f6597dac4fec58199a31fc853169e52,WETH_WHEE,0
0x01518d2530f3d26c1e4c9ef0dbaaa5a95c84ae82,USDT_KAIDA,0
0x01559c474c986c7ced117b776cdb17249809eec7,BonkBonk_WETH,0
0x0156b91b81bcd161e7d54037b53720d9010f7a6c,CEUS.e_WETH,0
0x015769601d8d4879c0e193eeab31f10cf03c9ea9,USDC_MLP,0
0x01578c98729f53e0cf51501649e9e113066d3850,DOGE_WETH,0
0x0157a85c76e529e95a8e7bf448d39e26e01e201a,Hotez_WETH,0
0x01580d61d3d816443c4da5d8e5a048e5889a1ad8,Hold_WETH,0
0x0158b695ade83161e49ce2f73a1786e8e372ea6e,ONLYONE_WETH,0
0x0158c96367ce7679594ef7649d1e0dbf1f28dc82,ENA_WETH,0
0x0158de06d8bee85b063a733e1f5f01b3be3cc3f1,WETH_OXM,0
0x015aef52ebfc64d6336a918b9de86af3ef31c865,CHP_USDT,0
0x015b350e207831803dd9efad3b5a8276c6a1c618,Gridspace AI_WETH,0
0x015b79c21b7d58e25bac7977711db280f0efa7e4,BLL_WETH,0
0x01680d92d9f20db0069d521c980fccfcb0965c5b,M_USDC,40002979973
0x016883422d75e41cb91d0dc19d742a73233f34a3,WETH_YJSH,0
0x016a309d1af8eac9f4179c2a0d2390da95545631,n_CPEPE,0
0x016d7096a73bf466f444f286e704d81d09babec2,WBTC_T,0
0x016d96dee5c1e0594d898fc7b971b39209677f18,INDEX_DPI,0
0x0170915a0a6de6eb8dfc4e0f7415ad5a5a2be180,BTRST_USDC,69411841189071398
0x01752906972588fbb12adc930d9b3d57ab2df144,WETH_USA,0
0x0179431a90b96fc486203fd7c508912bbe3913e7,QTC_WETH,0
0x0179ccc0d53fc5c958db483de4a0e94e3e48b243,AETH_WETH,0
0x0179eac7402915c64431019d76875a7e5d86f7fd,USDT_LEAN,0
0x017b691cd418f744df673fef49187864fe7d9aba,WETH_MOME,9999999999999999999994452
0x017c5e3912cd04982eb27a6c8f32cd5d31bd89e9,MANA_1INCH,0
0x017dc64104efd89c2f5a65bbe66fab5b197ea1f1,WETH_GRDN,0
0x017e9a3d276c700a94e73045124c68f58d50faee,Rocket_WETH,0
0x0188c28ea32d7860334be1a8068cfbadce18f1d9,WETH_SES,212403621580733558
0x018c4ec0394d410e8cd0dd3edeec5339f86c9bb3,WETH_Pi,0
0x0193ee757abadd4a158b2f42f3a1ed2d680c0187,YYY_WETH,0
0x01949723055a451229c7ba3a817937c966748f76,CTSI_WETH,2840277574270945720293
0x01949be3cb5f6a5154ce7c0455a14a976deb9115,MAGMA_WETH,22762629132128275193358
0x01968037c83b2a12c8ba09ac09a011db39d6b01c,MUA_USDT,1203586463324890084
0x0196cc470e0abd835ae8fb4dd1f4bfe2d400c8f6,USDC_LUM,0
0x019c4b5a3e62562fb3fc761ec71cbfeedb64203e,Omen_WETH,61443245891263953238
0x019e61e186a615c6645807a9c3296ff76c4c2089,DOGE_RIPDOGE,0
0x01a08178ba3d0ddcea35f714e795982cf39abb28,WETH_BUCC,0
0x01a0c571da329f4a2730d988911acf7a0bcfce35,OCEAN_PSDN,51376654003456552558
0x01a3896d47434f8efe39a57191536fbb29f59604,DUME_WETH,5889395886496440242161949
0x01a39c08ca8e49bdabba986330b44fc1cb65e987,AIAI_WETH,10009515668583106012538
0x01a61135d8b2caea8b02362b49db5b5ca58a229f,DOGE_WETH,999999779681068
0x01a66111527a55e5957d8db24e8090710b41505b,SHEB_USDC,704005222677500
0x01a8227d4e7c3068ad1000c97a059af5c5fa3476,FLC_WETH,583270660741119867081
0x01aabe8071eef360cbd7f6786f288aca20e188ab,PEPE_WETH,0
0x01ac3d8ac0ea2e799768005a93b221326cc7ebc7,SHY_WETH,0
0x01af87861dc406db2a870e88b566ac6b5136b0cf,stETH_cbETH,0
0x01b2848a0d9ffced595b0df3df10fb32430fa200,ROVI_USDT,0
0x01b6b1437b38a969b91541998f0ad699359b5e5e,WETH_DND,0
0x01ba80f7da4ede27af72f1c8842275209ac503f5,MAP_USDC,0
0x01bbf165ae1c7ca106f8a10d0d3c25b50475e53f,RSE_WETH,7113104699582163412836
0x01bd1d1f933692dfc64d1d64cc3ed1c24887edaa,OMNI_WETH,482722806341494274224
0x01bd7aa442ceaaa41f336758a84f3abd1138c4e7,WETH_QUA,0
0x01be88089ca25285a9bf68ee3702d7ee8c15df0b,KK_WETH,0
0x01c49e7550d670759b2d54cbba3b65ce3a2e39a2,ALVA_WETH,10552246257304745912
0x01c74c8e060542a0fdb75a48c1126a931ccb062a,WETH_SBX,0
0x01c76c43041dfc4218bf497ecc0aa929a9e3ff49,ZeroLabs_WETH,0
0x01cdab864311ac1addfaf1e3cea3956b0aa623eb,NRG_WETH,0
0x01ceb1bd07d19d2c67e06e293be98b25a71a9cda,RSD_WETH,3216513570600919636147
0x01d1a3a40e7487461641f7382660b570ddcb5802,WETH_KAI,0
0x01d511f058bc31f958396c0bf52ed3be420eba53,SOURCE_USDC,928028803404944
0x01d79105ef88ff28ca1eaba4bded073f913021fd,USDT_WETH,0
0x01df18e8132e2a1f34d02653bb51020b6cd52461,AAPL_WETH,0
0x01e21dbc4a02f41cc0d4f88933aad8bb54afa1f7,WNG_WETH,0
0x01e6208c8d0410acd6c3bc50c787f3509235bd06,WETH_DSMB,0
0x01e6649e3b0d0f977a0c246f34fc55b4fb23af23,BUD_WETH,0
0x01e7c0dd17ed5fcee3d08f27f10c9f095b20d999,RAVANA_WETH,0
0x01eb0c90b3287527f4fb3213ab8c1b3e56fc34c7,subjct3_WETH,0
0x01ed0c87971b50b04ad0d8b82ba097b926562bde,SWFTC_WETH,0
0x01ee67b6babf5e635cd3d15ee7c668f3c659b43a,GBL_WETH,15244589237271616517
0x01eee3ad3c5169b49d3e0447d72460f9c0ab98f0,X.DOGE_WETH,0
0x01f00f4fb89e66666b1c15b4cf2b96737d6e5957,MMM6900_WETH,0
0x01f30d94091a3dd206968b53743bd2abe9cec799,iETHV_USDC,449919014493893
0x01f40d27b1a4379bfcb50aa1d20720219cdd21ea,USDC_ADDY,0
0x01f6c1387c46e91d3abeb236d358c773e05c4e24,CERO_WETH,0
0x01faa3d5844479e0f44619c3052655effa43281c,PSYOP_WETH,0
0x01fb6e80abe801838532adae476d775c0021314b,WETH_DOLPHIN,139789967752569034272799
0x01fced9420b37f9b5dee28af7e692c283d987bc5,CLIT_WETH,0
0x020180e5b90a6fd01bc7ed5c2501e23e64d1f10b,NO_WETH,99954902262461256286
0x02047397550eeb33dbdde28588095b649eda1744,TrmpUp_WETH,49102636523950
0x0205984f283fd616cfcdf659dd66ba1d5f8c4804,WETH_CGLD,27016585787675933802
0x02076948390362996e1481b167795f613a38d623,WETH_KEY,0
0x020ba87daca38562021260216831f2e98b6d8e61,BKT_USDT,0
0x020c349a0541d76c16f501abc6b2e9c98adae892,USDC_SNX,1688368679445257
0x02108ae6b0320f7a67a7c8f064c5e2db24a1f103,NUTS404_WETH,0
0x0210afe83229ec7c6ab34d57acc92be8411c3807,Hi_WETH,0
0x02178ec58822a93b29921448f209383bbecc90ea,REHAB_WETH,0
0x02184eddef3255512414903f2e9a2e9d4a4d0844,RTT_WETH,0
0x021ab4a498448d2612dfb4b93b9e4ed19729df54,WETH_HOP,13803989166247883078
0x021d26dca62454e36b304acfc62098a17caab638,SHEB_WETH,0
0x021d4d1c8a6ce7837d7cc93d47eedea379d9d5d4,FTW_WETH,0
0x021d59d42a237600498e602ac1d8fb07bc21261a,WETH_mETH,113553399654666573090155
0x021f7542293a4f720c033c60637d8d90423277d5,ICHI_BIT,596026910503526608759
0x0221d724c1a37b8c54dd99fefddae2b903d193d6,DAI_AMP,0
0x02249fbc47437a07a88ad7a124f2da9610856920,WETH_VINCE,31704340827588803517062375
0x0224ec0ef58f73633a776379589a05e0a0268850,WETH_PEPEAI,0
0x0226776b3a09df4e0940a17b9142905b25f9f5ea,PAPER_WETH,0
0x02279ce7e726d538ea768d7380fd474f7583f8bb,RFS_WETH,0
0x02285c32dee75288712f2610caa0512101232e82,DOGE_WETH,0
0x0229ff553e51af23c6261037f1b643f3a759e678,SHA256_WETH,0
0x022a6ecac153ac67aadff53ab9deeba27ffbc69c,FXS_FRAX,100010683801911201764421
0x022ca2f1a8c0ac985fedeef7940dc59a8f2223a0,SKC_WETH,0
0x02304cea74e7459a7795687281282f791283532f,DRYDOGE_WETH,0
0x0230ddd838e499865405042560e72aa38324acd1,BOB_USDT,1582201514421367
0x0231b9c443d7748730d4f4a6b6930e75f07a3ed1,CMGT_USDT,1010419844834325003
0x0234b959f3e26d8be28237079ed3d21a31a7e040,WETH_DOBBY,0
0x0236d30f9d33ca8898d7f258357f572e863192dc,BCT_WETH,2124061447044215117
0x0244874ed84be27ec4137d0633e91c5dc1cd0c8a,WETH_SCOTT,0
0x02469e30dd450de2e9de00d49d679f1d1d774ada,GET_WETH,458892716951786540280
0x02476e6eef9df524e6bf2d31339170592bec35c2,Cybertruck_WETH,7129393068955021053094435
0x02481a1eb3a0b58ecb5cd061b7d02ba0f4bebfc3,TSU_WETH,0
0x024aed0d8bbf7cf93b76aa3ad0a7bc8df7dca011,VERSE_DAI,0
0x024e90965c2dd92ed3bdd98738803b55c73beef4,DART_WETH,0
0x025068c78dcf3d03c2277280c38cbcc7176e98da,COIN_WETH,3440468748670508
0x025425ac611a2035578721f237c94774987915f5,Love!_WETH,45635109246537557500591
0x0254a309f5140d457c0699e2cd0457a692a69cc4,KOIN_WETH,0
0x0254aecaf8175c70f1afaf68944094c2a662c477,FLKT_WETH,1581561107169544132974634
0x02551cab0f196669e1599f2799a6c3d049f3717a,MOONING_USDC,686407964735
0x02570e774db8659391428121d8dc73c10f95cfb7,WETH_NFL,0
0x02575a054ccf1cbcef93f82f3a8d22f3d87e13b4,scFOX-0324_USDC,0
0x02594973579c34068944832f0b86bd01d797148b,FRUCTOSE_WETH,0
0x025a217c85b1d73e4fc8e0e538c35a6d9b18fea5,UP_WETH,0
0x025b887e7f62d8b5f1564ba204187452cf27f634,USDC_SWYF,11611673714430189995866
0x025bbb373fb7aeb50ef240ae8271f10afb0aff11,WPLS_TEXAN,647461132851678809214219315
0x025e93840a0af4f0d8cb01573029aa0c5894d8fe,EXND_WETH,0
0x026279374a0e1f836ff7ccaae0e53ba456a6be79,WETH_GENOS,0
0x0262ba40d36f70172bdb1506597ea6b84489c8d4,KTR_WETH,0
0x02688e2f9cb4f753cf1b02212be685985745cc71,gm_WETH,40030391862425558121366
0x0268ba14a0e35d237c9c6a76f1adc5b3775d1b79,WDOGE_DAI,8409914450642357210464
0x026998fcba74c8689c5706e513e21815e4364ea8,WETH_ADOPTION,808244679488142659234
0x026babd2ae9379525030fc2574e39bc156c10583,WBTC_USDC,0
0x026c05d9c9a9e4b095c78e31824959009344561a,$CREDIT_WETH,0
0x026d2bdc4718981daef4664c04270474c6800b35,NMD_WETH,1281358014533778019546767
0x026db5baf094e873e9fb34dd723a9bbb57ffa5bc,PEPE_PEPECLUB,0
0x0273928ebcb46f954489dd1c40b1113f2aedd05e,USHI_WETH,0
0x0273d4aac5b0f0c86bbd6ad58cf89710b2ece234,WBTC_TBTC,27375243513391
0x0275bc3237a295ad331588d98a6a2fcad686342d,WETH_WINTER,2115661578459015321354
0x0275f306abf4fe344f5a110e06b5ccaf07f1151e,JPGC_WETH,70529933496103122585
0x027720a969304e7ab0627a9675d00e4510150344,DIY_WETH,0
0x0278b79b35c7ad17069d00f5da57d4384d1ab4ce,SAFU_WETH,0
0x027abebcb14aa00469a4ab5e8d3d03349f981d4f,WETH_LQIDETHFIV1,0
0x027e1dd422911422cb60f211b41a43edbcac4adf,WETH_AISHIB,0
0x027f2bbfb03a2eabe8c5173eb46379fc19993bc9,WETH_PEPUMP,0
0x0280c75881f44489bae45c051ef00a21b437cc32,TEQ_WETH,0
0x02824ffac5f7e2b5bd039855dd331b1e8fd30544,ICHI_LDO,606622652526784984678
0x0284261f2a442ade2f892a585620fb0030cf6bdc,PEPEPE_WETH,0
0x028471fab51e039164d68d6edc3f695ce0790b84,WETH_OCRAP,0
0x02873a41686cbefc284f0b537afad8afdbd6648a,TRUMP_USDC,4251910485746114
0x0288d04c95eee35cee412b73ba76dbc87f67c962,DVK_WETH,0
0x0289a333430e222d1666a90d00d027d13b09a81a,fui_WETH,0
0x0289bc8c1d0e0fec742bcbec1cfce6f08e442ad9,FUCKME_WETH,0
0x028b58e97422dc2ae0311b46fd0aac2a276e33bb,EDTH_USDC,0
0x028c1b613ff7de7ba904eebf5d59506a3372fd93,QOM_WQOM,0
0x02910cc1e46116220c666a83ed0efd8732d9deeb,MOONS_WETH,19613176790274391852042
0x0292d59810a5ee7be96742e9a2a8407e5d52a541,$PINK_USDC,0
0x02960f39c5e7f369da34fd44ba2b3f5ace24c478,eANRX_WETH,0
0x02966fb90f5bd6ca066adb660336fc543de87d7c,WETH_Blur,0
0x02976320ef83e1413a9307b34c463a19ab484b5e,WETH_SAITO,13784127424336577192
0x029780da8b48271e7974d3a34b0479052db58770,0xBASE_WETH,0
0x0297d7f599c99abc818725922dab86cf81c3cc95,XTREME_WETH,73722000035557817631
0x02992b72d5050395a5e33ef46f22e9fcafda5a7e,WETH_QAT,0
0x029b1c35610b70dc1815e272c973273781d26080,PAPAX_WETH,0
0x029d806dd216fe671619138ad39ac5049a1ddd87,BEBE_WETH,0
0x029ebfd416fd0a8e19fe46bdc40917313ed482d7,AI_WETH,0
0x02a30e41fb3180d0a3561f1f1742fcd4fbff9d55,LTY_WETH,68903065496127502906
0x02a5fa50069f5cfcc20191bfbd788c973e432f8c,LLD_USDT,93396741960048258
0x02a7171b72faf3b9d58a177c7971fef7a24a884c,WEOWNS_WETH,0
0x02a7fcc6d855edf798e9702c2e227ceea9cfd689,PEPE_SOP,24811033471386793867222773329
0x02aaccb5b9624d98670554b98551a74dac2b47e7,WETH_REALWORLD,0
0x02b04582daff9b9b17377f700dca5a9940c6451b,SCF_WETH,0
0x02b143c6665ed47a2f6e6ec16134af0cef37570a,WETH_BASE,0
0x02b4d4984685e8d9723d80e9fdbcf1e0102fa223,UP_WETH,0
0x02b9e949ba711523ee0f10470d09b47c64d7a46d,SSNC_WETH,12674715793815183222598
0x02ba41895e7598b11367cf1f65d902b8c8f45964,PUFF_WETH,0
0x02c1d02e3a1fc3406b3b40fdad1f4eaff6e50972,GAL_USDT,0
0x02c2f6fef61e7a955efe3d28979b1da1df216748,BONER_WETH,0
0x02c30229412f1202b52f80b357380b5fce7496d3,WETH_AITWTZ,0
0x02c32eaee93b7608f48d069239b234896897c85e,TXA_USDC,0
0x02c38d2cdb8c744f356ae7cf005e5762d90aaed7,EXCESS_WETH,0
0x02c6e04e12137b8279467796d9bc7ddcc01e6a35,COMFI_USDC,0
0x02c7b830072bee2ce5bcff6a9c1c20b4e1c0fd7c,CRC_WETH,0
0x02c7fdef1e97cf483f21196da48a51285fdb03ec,TRANCHE-AMPL-A_USDT,5185057116446
0x02cbeeb1e7b7a9301cee000797aabde9dc1609ec,DAWN_WETH,69222484399939629381
0x02ce5894b7fd97d0d42c89bd5a133a3815cb6435,USDC_IHF,837703607445989
0x02cef3d0b78279797109fee48784fb62d79fc69c,CETA_ALIT,8511909405638759145942
0x02cf45843639cd2c96475673f6309391e960daf1,MOGA_WETH,0
0x02d15c1841bbfa1794196e3a1cadcb0b8c658737,grape_USDC,0
0x02d436dc483f445f63aac45b37db0ee661949842,UniFi_WETH,63316663714011450689
0x02d4c0b40037cf59d2cbce7b9d4ca40fa732e226,WETH_BLGS,429558162706927160
0x02d795b164a662a611dc7f78d41ccc85f4684522,USDC_USDD,19981472073713428508
0x02d87123005416a2869f8a192e2e47aae639db7e,WETH_RBIS,308323648970189790867
0x02daa5fdd4b474c13a8d6d141471b87fbd2452cd,WETH_UNT,5960748423001140547
0x02db574c723c649c3de9514db4e430184ee7d2d3,5VERATE_WETH,0
0x02ded65f213c13fa6c3b66aedcf8ecb85fca137f,COOL_WETH,0
0x02e10162c8b06d1077a25d8ed0a91c6c44a35589,DAI_TORN,391979360409612895020
0x02e3429d39c5d63d2cbb2b381b4c85bfd31f8b3f,PEPE_DI,672131923340494287566373
0x02e55118f13a4feaec90f581b3ed6da752e6cb4c,THE404_WETH,0
0x02e9b41cfed25f5c14c3823e912ee0c8bf68be3e,DMTR_WETH,710082652734295655090
0x02e9c44bb5e43d2fe067ca5aecf9387ffb45c3d5,MTV_WETH,0
0x02eb9ea9bf3778f4ff7be4d703c0b9ff0a66cfb2,BONK_TrumpBucks,1471487249281562269660
0x02edd21f1db8eb146be60998e9801691e725f119,pxETH_WETH,547214772923887060083717
0x02edf020dcce4f1d7335f7ebaa46687f457c68ca,OBC_WETH,10019727086388425414712
0x02ee32d5af91a02ac10b69b75758ff627e42916a,WETH_OPT,1999900448115298
0x02eecd75d62641620a5a2ecae5b0407f8926f831,DBZ_WETH,0
0x02f317839269619ba2762ea8eb84709fe3ba804d,FOG_USDT,0
0x02f4cd764a93eb1d1fc2c9dc90eb85e05639b06f,PepeToken_WETH,0
0x02f5e283c7173a598bcb848da3c1535c8cf2c1b5,TISM_WETH,0
0x02f604a04e86f7a2a403b3240e19d9b32c56ef08,‰∏âTH_WETH,0
0x02fb1165e700180c00f7a618df877e8d2afa173f,BIRD_USDC,0
0x02fb948cf8cf1ced691ac61195e64333bac5dd13,ARTIC_WETH,138018126990678927779966
0x02fee7c438308edac59cb7984e897ad664d82563,FURIE_TrumpBucks,5565532565034583764
0x0301b637b86227baf35de3c07a051de5899e6ac1,NFAi_CRV,0
0x0302fee6a892e25228d4b29c11369c7b1cf2d2b0,WETH_GHEY,0
0x03041c580199f865d5ab69427990a4570a80533b,TRUST_WETH,0
0x03064b4132e604ea44c1dd0e6346fc56835196b5,AMRC_WETH,0
0x0307df0c280dd524bb8aec80b6d4a439a016a379,WAN_WETH,75114457582620015741
0x03095c3461489ad71dbcdf54ac02037a7caee136,TSUJI_USDC,0
0x0309a35f9372ad644bce196e3d53012a71f43f85,WETH_SWEETS,84039352936349500622
0x030e1f8d89a837073d4d42259b315a797b8a02b5,HOBBES_WETH,0
0x0311027c761896c7d55dcbd2cc0f93c55b5959c0,WETH_nICE,0
0x0311125b58d9602352cba5c925927ecb86a5905a,CNV_WETH,96402220522909597882
0x03133ef35ae1ef95572f3bdf4bac9eb49f6a936f,DJSATS_WETH,0
0x03164f6be8f14bc2a0997bc764c79e07f7e18d0d,TIME_WETH,0
0x0318170609141bfdb38d20d1f1c5b5197670ecee,SOV_WETH,65573730479176048432939585
0x03199e5d960d2542afb94bc032a4036683cc25c6,PNDC_TONCOIN,0
0x031a1d307c91fbde01005ec2ebc5fcb03b6f80ab,ARTH_USDC,136307122476510
0x031df2e18f63fb044a4329c6c4d4f02cf7a9b8e9,Silo_USDT,0
0x031f5bce1353f73a1080bc6e4edc9097d5633bfc,WETH_TR,0
0x03231dd535c7528ac3277461badaa71668cbe29a,YOU_WETH,30044239693203679713011
0x03249f48f6190528c326318be0a22f3a358dddb0,KAI_WETH,6506108793916763500350
0x03259b07c8a8ff70c89a3d5a2dbd062e23e2054a,DAI_HAY,0
0x0327284f82cebc45813261e9d288e9fa338878f3,ùïèTV_WETH,0
0x032839989ff8b2820181b77d17630524013dd683,OIAI_WETH,120766472176357748048088
0x0328c183f8cf7b6f8441423507bc50bad4dd2e4b,WETH_XIS,0
0x0329385812fb712c9ab3974c9cbe81897ad55163,KCT_WETH,0
0x032a9294ad87ea555bde04a3d1c6e9e494ad551b,CBRD_WETH,2199892431637982032655
0x032b8a556a5f4897b957ef272c27ffe638acc314,ATOR_WETH,0
0x0331a2afacf1dce2961f8fddae741f0490ed42af,WETH_DSC,8984538523486443901
0x0331b64c88f8da9232e295eb169de4388a757bbb,BUYNOW_WETH,0
0x033285e08735517c12cb93e0458c2071c704716f,WETH_$DORKF,0
0x03345aa2a667ab6920f1d0095b071f1923cbd915,FIND_0xOPENAI/GYM,11585499933727829326972738
0x0338e3a04315824975ad88734444b55c945633db,BIAO_USDT,0
0x033e7b3c5f9d06ece1e30c463f6e90541b45037a,rpmm_WETH,102105893590474728403191
0x033fae28f5d661b911f462b0da19451b9d9fda8d,Kenneth_WETH,87728056259804330920294
0x034272d786e2842c262151ca337d85c3959d20c2,KIZUNA_wTAO,1953654027671772175
0x0343782440a2e666e4cd73e289fd6f89107d43ad,COOM_WETH,0
0x03438adfd9a160a7164f0fab76fef433636ce8ea,Greed_WETH,0
0x0345c246acbee95b6c1f547a490d498a60482361,MUSK_WETH,0
0x0348287cc7e7b31caa986cf68fc2c665b09ddaa1,GROW_USDT,12080029460847210
0x03489f8e606a739e84a8608d0225ded451975fda,TGBP_DAI,0
0x03494856e127663af7a5226855ec3841d0d0b57e,DINGER_WETH,90539100592014491458
0x0350908098d191614f87dfa2366b868c2f3aead8,USDC_USDz,0
0x035193e068e068e478f46bd703e87f580a03bca2,ASCX_WETH,532658817211168258651944698
0x03581d0902c442e977438cb700df450db98b464b,GET_USDC,0
0x0359826110a6d9bf2f37812621811b8fcff88f72,HODLMOON_WETH,57441174268202140165
0x035a1bd89da2b3b544d1a0253f65eeff6afc4e44,WETH_EUR,0
0x035ac147e1e34bb70ed104d9992f48fc73c9c786,CRU_USDT,0
0x035c719bc1f72dda1d274914840cf3263f0657cf,BONK_WETH,0
0x035e6aaec4c034e74a8d7b346a5696f8d8a0f572,DON_WETH,0
0x035f1d7d2520d24c6e8b06758316290df06b8c82,STG_WETH,56436651565124
0x036033f3c9c422add5157fbb6e7d17b1aa68559c,GS_WETH,527164930100046617057330527
0x0362d4c4fd1ef82401b33bed4be39729bbef8cf7,WETH_HHH,0
0x036373bdb17c36a55cfa0804a9b8c6ab8438be56,100LOTO_WETH,0
0x03644f990ee91cde658ac96fb023521a28075b81,MEME_WETH,0
0x0364851746828e5fbfc342826ab853776068675b,TREAT_WETH,0
0x03685797cffb863308d68c8cca317f6149891840,LFG_WETH,1737535905561591
0x036909a490d9bd63877b58a03db89303f89eda0c,ICHI_BOBA,853050385070817212
0x036af0f99eba3e8e90c77cb53140fc89f2b4ea97,TEM_WETH,0
0x036dcf37daeb6d8b137413882c4742444a8ea65c,ACT_WETH,316942828084028299147
0x0370f75ec0ca1d627ae6eb31e02d17a84b4e4b57,GEMS_USDT,0
0x0375b0ebe9b922cb5d74ea0c052cfe47a09916b0,NOKU_WETH,0
0x0378304e50fced815abf96f30837c3c61a750c82,Metti_WETH,2382331255372616664682721386
0x037ba6123a7def22d9703ae12fdb2d4431f3ff68,DIAMOND_vPETH,0
0x037bd30391045145ca35146d113857195b939f9b,wmn_WETH,0
0x0383b3c109b5b217d685dcd9850f51ffcad3251b,DUMMY_WETH,0
0x03881f825b62c6e3bae32f9e67c93e5ecdd97198,XEO_WETH,0
0x038897402c31e09444d946d265e6bbd20cb5971c,APEI_WETH,0
0x0395cdb3fe026cabbdefbb9c06f5e3d429c96764,USDC_ROOK,0
0x03981f253613246d1f9b6e674c278ad60998a795,MAGAWIFPEPE_WETH,0
0x039a58b6f5d6922b1aa2785edf99c1da01aeb346,FEE_WETH,0
0x039b8f8fa004f235540aad903e88c415f2eeaf93,WSH_WETH,0
0x039bc7213894da50b5fb044bebb35315edb021ac,USDT_USD,0
0x039e285de7c2b8938faa14d0e940e8bf0dad3dab,NFP_WETH,0
0x03a16df14dbb4b0dcfb5ffa6554c4ab54cd48788,LPMV1_WETH,512134904556269529972
0x03a780822f9fb4ae06794ae712f03efe2fafa538,BERC_WETH,2992583553786978130606
0x03a7bcec83e8b2043ebec9d280f54e2c80b9ab21,STEP_USDT,0
0x03a86d1488dd6ae052214cac0d845d6ac0153d7a,ATMX_WETH,29285808359599565892
0x03a86da24f980cfeace0898883db181c74be9c13,SPC_WETH,16468149215913279843
0x03a90943380f7eb21fde74b94d945aa3e8508740,jCHF_USDC,0
0x03aa1341f5a04d4a6c80f313b8a558286d536700,CHEX_WETH,25441515819891916057959
0x03aba5d772d2bc81e416295b6d5f914bbc12dcb7,MET_USDC,0
0x03b043e4c7106ed7af03390b909c9d3ef20f8254,PEPKU_WETH,0
0x03b3c193111d325fb37d68e1903ea5a7b1c4926f,DLM_WETH,0
0x03b435493b4191479d52dfeedf93803630cdf1eb,FightUSA_WETH,0
0x03b4d942addcd48dfc5d404a0965c853d45351a5,WETH_TIMY,0
0x03bb7a155816480fccce7d349f185427707d2711,SOLOX_WETH,0
0x03bc32cbaf0516945db77a32f2479379585aa17b,KNIGHT_WETH,7142844335880426771309
0x03bf0c88c0f4fa022bf7531f7344ca448eadaf53,2FLY_SHIB,4965085702185761400549141487
0x03c13af12cf8d83f81a933e73a20b3d44e911392,DMDHRT20_LRC,0
0x03c219b5dc28e0ca15600fbce09ec567997ea9da,BPHIL_WETH,38728218580077361466718
0x03ccf41b572089dfa9092cea04916b3d0f03120b,XMAS_WETH,24499885416143647158372430322810
0x03ce396082551836ebd29d7da081fcb65bd91f4f,WETH_PEPES,0
0x03d886fad87b2538ea1fcff8fd71fde2ff727ab2,DAI_INST,0
0x03d9190f2896aca1671ae1944dd8523dbef1847e,RAD_WETH,0
0x03d91bdb25fce0d958602fd84cd3e6786cc95068,WETH_DPOOL,0
0x03d93835f5ce4dd7f0eaab019b33050939c722b1,WETH_PESTO,0
0x03da747c440717420d9a8b21c61805dd9d99071e,DLB_WETH,0
0x03dc256087553af7871090df00d0bed694567e8e,WBTC_BUSD,0
0x03dd2c88ae2e13cb4e47c1c85a57693542da28fd,WETH_$ANRX,82183827782303084200
0x03ddbfd13b5020ebbaa77e6917f2f7cf94a8f302,WBTC_CHZ,0
0x03de8b89caa2bbe8bf09979d370aaf08a35cbfa1,FCC_USDT,0
0x03e043a21d5a362dc21e9534a3e88ec7c27bf03c,HOD_WETH,0
0x03e1b065e1445cda54731f232fef3c18f472fd97,FANS_WETH,0
0x03e38c36a1e3122025f70ce08d9ed00ac0e37754,GAL_WETH,0
0x03e4cb4930e9137e365f13465c6a938bfbaef713,USDT_wOCTA,0
0x03e67a3a7775f80e49cc8fe004592c5bc8e2d273,OTACON_WETH,0
0x03e9ad87ac8bbcb5614e369792bd7ac37063c2e1,BULL_WETH,0
0x03ecdb13506f618ec6777a15cf6012064fa80665,NEAI_WETH,0
0x03ee825ea54021617d1866b0148920b2ac0da121,WETH_CRIMINGO,9920008742259972532035
0x03ef34cf964d050798e416fa1cad334a0fae007d,ZVOID_WETH,0
0x03efd007afc8c6230c6681023c1a247a7e7d8471,SAP_WETH,0
0x03f275144f0b549db5852af223f50914eed62315,MAV_WETH,0
0x03f8352d0e00844ace6607964ee9fafb5ea5709a,GENESIS_WETH,126857168057949556601867
0x03f9e0ace3cd493836791d78fcc67d4ef140c1f0,WETH_wQTC,0
0x0403d7b406af9c071cb8605e2084a43272a1e7c0,REU_WETH,0
0x0406a8e58322eb79003721cc64c2955a6ca81a94,JKT_USDC,106555687550309556
0x0406e2b3bd7908eca97cc8e4f8b3e14814654e42,LASC_WETH,0
0x040b8e7c69d629b1606a7c66cf80b94afe1e9231,DAI_RPL,0
0x040d7eac0a02a8253e61542eee564d002a8cb91b,NFAi_stETH,0
0x040ee2c7a92b2182f51fb26cb11c3795badf6883,SKME_USDT,0
0x040f336abc4594a35217ff23aecac520d7208d98,GLOB_USDT,999951325032631
0x0413c3560c212ed0cf1e2e9787dde2ddf06ae33e,XTX_USDT,0
0x0413fc58c9c5511c01c834c29562becfc0c41ede,WETH_GOOCH,210618004065228
0x041609af289ef392869eaac06beac780fdb88bc8,2.0_WETH,0
0x04179da7ab38f8dcd0470ab622b1266aaed0c312,SDLX_USDT,35951876423652176
0x041c07f07ad3ac5ce71fa2223865ef674df15b4f,idBTC_WETH,0
0x041c677f6d782c90f5c2a5a8ab57866d720cd667,ipUSDC_USDC,0
0x04209b7acfeeca8c00f536d6a1dbfc22726ff6c6,GROGU_WETH,0
0x0420db196dbe9328c63b596954813fd625316017,USDT_UND,0
0x0425bf56a98294c1a5080a5a1f25cbeea9464ba2,rETH_WETH,0
0x042ac14a9839290980f932e0c7cb53d2054ca130,MGPD_WETH,0
0x042cfe0a69381d357f946ca9944a3e9a659c1690,RPIT_RPL,0
0x042da4028ca804b9a5945f4b0f892bebab1d28aa,PIXUL_WETH,0
0x0432a6d48dabc49c19ce02b661f1b5f983c33123,WETH_PENIS,18133372281426539432629
0x0434cbab59141b6fee54d6a3fd3e4bd47274a9f4,WETH_ePhiat,0
0x043a957a1121c25698a5423a62b980c76299638e,WETH_GPG,0
0x043c62ad32455f234d3a61995c8140c94ee69d9c,GDOG_WETH,8299515036371527647326
0x043d603b3e246acfe6bb014d0fff1c068653f6c6,WETH_PLASMA,0
0x04409d8dad0c42f48e7f2af9ea943908d6727def,MRSV_USDC,0
0x04416ea04cc66e0625ea171a6b9d2519b9501be2,NFTL_WETH,0
0x044721250c0c375ae1679be8af9475190eff5a0c,GINNAN_WETH,0
0x044a759dfc5e98e6787c0402c114a9f8f8359bf6,WETH_YOURAI,0
0x045017e51dfa5e58140fb0c93d78440d8c5fb854,WSM2.0_WETH,0
0x0452c14f28b28fc69e42e8c2d454534a55b2be2f,XPD_WETH,139338186921642822330705
0x0453bdfdd12e72e0c818f68b2877e69ac74323d8,Sent_WETH,0
0x04566c70ced7df834f10c0ad37c143b5f77a82f7,Furnace_WETH,0
0x04566cbc3e182ed69b7c249cd4437ab7f2c7cdb8,ENO_USDT,0
0x045b9d4f0abe0a0ce08f5b441db54317dabd8307,PEEING_WETH,30681249727376133438797
0x045c42ce645edaecad17cfcb000e7251d5d06128,WorldCup_WETH,0
0x045daae21193e493d2df6f4d51501dc425324673,DAI_WPLS,0
0x045e38f23c8619d5d68922737aae73df9b91f231,WETH_FAIR,0
0x04665801ddf9744dd1734ea7b652165652060930,CASINU_WETH,0
0x04667c449b38a4cb8fe295acf85041f56b838898,WETH_SFT,0
0x0469e4a68e4e5365a3727c5d3bf2f80da82b748c,WETH_HOPE,0
0x046ade97f347544ac9937e15ad86659579949dd0,NOW_WETH,0
0x046b42626e56ded25b8015ba439cf6b3e3359b70,TREX_WETH,0
0x04708077eca6bb527a5bbbd6358ffb043a9c1c14,WETH_mETH,128766474473216962772631
0x0471a4f836a5a8341d30e283bd1b97d7ba64d41f,Elephant_WETH,0
0x047630b376514457f6964fa2735898fcd18df85d,Kong_WETH,0
